location_id,parent_location_id,location_code,location_name,location_type,is_active,depth,location_path,location_path_name,campus,building,floor,room,org_unit_id,org_unit_name,college,department
8cb15f60-208d-4890-a1e1-733ee551c835,,MAIN,Main Campus,campus,t,1,MAIN,Main Campus,Main Campus,,,,d52b79be-c2d1-4095-83c4-ba22b0b20ef9,Main Campus,,
e5af376e-e289-46e9-89ef-56eaefb911a9,8cb15f60-208d-4890-a1e1-733ee551c835,BLD-A,Engineering Building,building,t,2,MAIN/BLD-A,Main Campus > Engineering Building,Main Campus,Engineering Building,,,6fae8d38-5d36-4971-bb0e-c2b1b6f880b1,Faculty of Engineering,Faculty of Engineering,
80ff2b98-628f-42d9-b675-40e5a7091649,8cb15f60-208d-4890-a1e1-733ee551c835,BLD-B,AI and Data Science Building,building,t,2,MAIN/BLD-B,Main Campus > AI and Data Science Building,Main Campus,AI and Data Science Building,,,faf0affc-ea1d-41f0-97e6-c0f136acfb12,Faculty of AI and Data Management,Faculty of AI and Data Management,
2041f5ec-1292-4695-ba05-6467bedfc759,8cb15f60-208d-4890-a1e1-733ee551c835,BLD-C,Administration Building,building,t,2,MAIN/BLD-C,Main Campus > Administration Building,Main Campus,Administration Building,,,d52b79be-c2d1-4095-83c4-ba22b0b20ef9,Main Campus,,
c70933ce-e053-4ffe-8e0d-97ab5eaf8dae,e5af376e-e289-46e9-89ef-56eaefb911a9,BLD-A-F1,Engineering Building - Floor 1,floor,t,3,MAIN/BLD-A/BLD-A-F1,Main Campus > Engineering Building > Engineering Building - Floor 1,Main Campus,Engineering Building,Engineering Building - Floor 1,,6fae8d38-5d36-4971-bb0e-c2b1b6f880b1,Faculty of Engineering,Faculty of Engineering,
8e34a5cf-6a71-44a7-9a49-78f0d5bfccd0,80ff2b98-628f-42d9-b675-40e5a7091649,BLD-B-F1,AI and Data Science Building - Floor 1,floor,t,3,MAIN/BLD-B/BLD-B-F1,Main Campus > AI and Data Science Building > AI and Data Science Building - Floor 1,Main Campus,AI and Data Science Building,AI and Data Science Building - Floor 1,,faf0affc-ea1d-41f0-97e6-c0f136acfb12,Faculty of AI and Data Management,Faculty of AI and Data Management,
92d85742-d34d-42c1-b9c5-3a039cc1d6f7,2041f5ec-1292-4695-ba05-6467bedfc759,BLD-C-F1,Administration Building - Floor 1,floor,t,3,MAIN/BLD-C/BLD-C-F1,Main Campus > Administration Building > Administration Building - Floor 1,Main Campus,Administration Building,Administration Building - Floor 1,,d52b79be-c2d1-4095-83c4-ba22b0b20ef9,Main Campus,,
0c1c0aa3-1842-48cd-90df-9832635602f9,e5af376e-e289-46e9-89ef-56eaefb911a9,BLD-A-F2,Engineering Building - Floor 2,floor,t,3,MAIN/BLD-A/BLD-A-F2,Main Campus > Engineering Building > Engineering Building - Floor 2,Main Campus,Engineering Building,Engineering Building - Floor 2,,6fae8d38-5d36-4971-bb0e-c2b1b6f880b1,Faculty of Engineering,Faculty of Engineering,
8edad0d5-b77f-48bc-a287-396629e4a1a0,80ff2b98-628f-42d9-b675-40e5a7091649,BLD-B-F2,AI and Data Science Building - Floor 2,floor,t,3,MAIN/BLD-B/BLD-B-F2,Main Campus > AI and Data Science Building > AI and Data Science Building - Floor 2,Main Campus,AI and Data Science Building,AI and Data Science Building - Floor 2,,faf0affc-ea1d-41f0-97e6-c0f136acfb12,Faculty of AI and Data Management,Faculty of AI and Data Management,
37724b27-3ef2-4bb3-ab2a-60ec4c7b9618,2041f5ec-1292-4695-ba05-6467bedfc759,BLD-C-F2,Administration Building - Floor 2,floor,t,3,MAIN/BLD-C/BLD-C-F2,Main Campus > Administration Building > Administration Building - Floor 2,Main Campus,Administration Building,Administration Building - Floor 2,,d52b79be-c2d1-4095-83c4-ba22b0b20ef9,Main Campus,,
82b18927-3012-44e6-8cdf-2cfd52c45ab5,e5af376e-e289-46e9-89ef-56eaefb911a9,BLD-A-STORE,Store room - Engineering Building,storage,t,3,MAIN/BLD-A/BLD-A-STORE,Main Campus > Engineering Building > Store room - Engineering Building,Main Campus,Engineering Building,Store room - Engineering Building,,6fae8d38-5d36-4971-bb0e-c2b1b6f880b1,Faculty of Engineering,Faculty of Engineering,
40ac170c-94e1-49c9-ae15-deb0fd7ba15b,80ff2b98-628f-42d9-b675-40e5a7091649,BLD-B-STORE,Store room - AI and Data Science Building,storage,t,3,MAIN/BLD-B/BLD-B-STORE,Main Campus > AI and Data Science Building > Store room - AI and Data Science Building,Main Campus,AI and Data Science Building,Store room - AI and Data Science Building,,faf0affc-ea1d-41f0-97e6-c0f136acfb12,Faculty of AI and Data Management,Faculty of AI and Data Management,
bbb89a25-db68-49a5-aaed-0cc24d38281b,2041f5ec-1292-4695-ba05-6467bedfc759,BLD-C-STORE,Store room - Administration Building,storage,t,3,MAIN/BLD-C/BLD-C-STORE,Main Campus > Administration Building > Store room - Administration Building,Main Campus,Administration Building,Store room - Administration Building,,d52b79be-c2d1-4095-83c4-ba22b0b20ef9,Main Campus,,
418ec156-f12e-4b21-8e3c-9546e326d2f3,c70933ce-e053-4ffe-8e0d-97ab5eaf8dae,BLD-A-F1-R01,Lab BLD-A-F1-01,room,t,4,MAIN/BLD-A/BLD-A-F1/BLD-A-F1-R01,Main Campus > Engineering Building > Engineering Building - Floor 1 > Lab BLD-A-F1-01,Main Campus,Engineering Building,Engineering Building - Floor 1,Lab BLD-A-F1-01,053cf8f8-7366-46a9-b0bb-3f4c8b856fa5,Computer Science Department,Faculty of Engineering,Computer Science Department
477a6a8f-fc3e-46c4-9661-b8e18aa51458,8e34a5cf-6a71-44a7-9a49-78f0d5bfccd0,BLD-B-F1-R01,Lab BLD-B-F1-01,room,t,4,MAIN/BLD-B/BLD-B-F1/BLD-B-F1-R01,Main Campus > AI and Data Science Building > AI and Data Science Building - Floor 1 > Lab BLD-B-F1-01,Main Campus,AI and Data Science Building,AI and Data Science Building - Floor 1,Lab BLD-B-F1-01,8ef0ecc9-58c0-4c55-91e0-178f17ee7c58,Artificial Intelligence Department,Faculty of AI and Data Management,Artificial Intelligence Department
8090e173-233a-4c47-9778-d4fe6f272e43,92d85742-d34d-42c1-b9c5-3a039cc1d6f7,BLD-C-F1-R01,Lab BLD-C-F1-01,room,t,4,MAIN/BLD-C/BLD-C-F1/BLD-C-F1-R01,Main Campus > Administration Building > Administration Building - Floor 1 > Lab BLD-C-F1-01,Main Campus,Administration Building,Administration Building - Floor 1,Lab BLD-C-F1-01,d82f0fd6-d71d-41ff-b68c-5f4f7a3f4ea0,Finance and Procurement,Finance and Procurement,
67bdcd67-117b-453f-88c9-25b12a0565e7,0c1c0aa3-1842-48cd-90df-9832635602f9,BLD-A-F2-R01,Lab BLD-A-F2-01,room,t,4,MAIN/BLD-A/BLD-A-F2/BLD-A-F2-R01,Main Campus > Engineering Building > Engineering Building - Floor 2 > Lab BLD-A-F2-01,Main Campus,Engineering Building,Engineering Building - Floor 2,Lab BLD-A-F2-01,053cf8f8-7366-46a9-b0bb-3f4c8b856fa5,Computer Science Department,Faculty of Engineering,Computer Science Department
df3d8ea3-3aa6-4212-a736-6a16b4ecb804,8edad0d5-b77f-48bc-a287-396629e4a1a0,BLD-B-F2-R01,Lab BLD-B-F2-01,room,t,4,MAIN/BLD-B/BLD-B-F2/BLD-B-F2-R01,Main Campus > AI and Data Science Building > AI and Data Science Building - Floor 2 > Lab BLD-B-F2-01,Main Campus,AI and Data Science Building,AI and Data Science Building - Floor 2,Lab BLD-B-F2-01,8ef0ecc9-58c0-4c55-91e0-178f17ee7c58,Artificial Intelligence Department,Faculty of AI and Data Management,Artificial Intelligence Department
ab9714cb-122f-4204-a820-6d7257a3057c,37724b27-3ef2-4bb3-ab2a-60ec4c7b9618,BLD-C-F2-R01,Lab BLD-C-F2-01,room,t,4,MAIN/BLD-C/BLD-C-F2/BLD-C-F2-R01,Main Campus > Administration Building > Administration Building - Floor 2 > Lab BLD-C-F2-01,Main Campus,Administration Building,Administration Building - Floor 2,Lab BLD-C-F2-01,d82f0fd6-d71d-41ff-b68c-5f4f7a3f4ea0,Finance and Procurement,Finance and Procurement,
5bac9e47-d100-44c8-b570-0db31ea21fad,c70933ce-e053-4ffe-8e0d-97ab5eaf8dae,BLD-A-F1-R02,Lab BLD-A-F1-02,room,t,4,MAIN/BLD-A/BLD-A-F1/BLD-A-F1-R02,Main Campus > Engineering Building > Engineering Building - Floor 1 > Lab BLD-A-F1-02,Main Campus,Engineering Building,Engineering Building - Floor 1,Lab BLD-A-F1-02,dc26f153-404e-47f8-8034-eb07783f1c9d,Electrical Engineering Department,Faculty of Engineering,Electrical Engineering Department
c3046ac9-0b25-4639-993e-d7963242f60a,8e34a5cf-6a71-44a7-9a49-78f0d5bfccd0,BLD-B-F1-R02,Lab BLD-B-F1-02,room,t,4,MAIN/BLD-B/BLD-B-F1/BLD-B-F1-R02,Main Campus > AI and Data Science Building > AI and Data Science Building - Floor 1 > Lab BLD-B-F1-02,Main Campus,AI and Data Science Building,AI and Data Science Building - Floor 1,Lab BLD-B-F1-02,6f3efb5d-afd8-49c9-8c40-31084252833a,Data Science Department,Faculty of AI and Data Management,Data Science Department
af21c725-bf6f-4560-aa7b-6019030410ea,92d85742-d34d-42c1-b9c5-3a039cc1d6f7,BLD-C-F1-R02,Lab BLD-C-F1-02,room,t,4,MAIN/BLD-C/BLD-C-F1/BLD-C-F1-R02,Main Campus > Administration Building > Administration Building - Floor 1 > Lab BLD-C-F1-02,Main Campus,Administration Building,Administration Building - Floor 1,Lab BLD-C-F1-02,ff591628-5c79-4358-9a5b-d60833359337,Facilities Management,Facilities Management,
824bea60-5daa-4553-8a8a-d2d710545d90,0c1c0aa3-1842-48cd-90df-9832635602f9,BLD-A-F2-R02,Lab BLD-A-F2-02,room,t,4,MAIN/BLD-A/BLD-A-F2/BLD-A-F2-R02,Main Campus > Engineering Building > Engineering Building - Floor 2 > Lab BLD-A-F2-02,Main Campus,Engineering Building,Engineering Building - Floor 2,Lab BLD-A-F2-02,dc26f153-404e-47f8-8034-eb07783f1c9d,Electrical Engineering Department,Faculty of Engineering,Electrical Engineering Department
1396d3ba-cbf5-462b-9ba0-f055e43663f9,8edad0d5-b77f-48bc-a287-396629e4a1a0,BLD-B-F2-R02,Lab BLD-B-F2-02,room,t,4,MAIN/BLD-B/BLD-B-F2/BLD-B-F2-R02,Main Campus > AI and Data Science Building > AI and Data Science Building - Floor 2 > Lab BLD-B-F2-02,Main Campus,AI and Data Science Building,AI and Data Science Building - Floor 2,Lab BLD-B-F2-02,6f3efb5d-afd8-49c9-8c40-31084252833a,Data Science Department,Faculty of AI and Data Management,Data Science Department
b82c31fb-e089-421b-a0d9-9c5e117bb57f,37724b27-3ef2-4bb3-ab2a-60ec4c7b9618,BLD-C-F2-R02,Lab BLD-C-F2-02,room,t,4,MAIN/BLD-C/BLD-C-F2/BLD-C-F2-R02,Main Campus > Administration Building > Administration Building - Floor 2 > Lab BLD-C-F2-02,Main Campus,Administration Building,Administration Building - Floor 2,Lab BLD-C-F2-02,ff591628-5c79-4358-9a5b-d60833359337,Facilities Management,Facilities Management,
14b66bd0-87c7-4b31-b195-99a166e255b1,c70933ce-e053-4ffe-8e0d-97ab5eaf8dae,BLD-A-F1-R03,Lab BLD-A-F1-03,room,t,4,MAIN/BLD-A/BLD-A-F1/BLD-A-F1-R03,Main Campus > Engineering Building > Engineering Building - Floor 1 > Lab BLD-A-F1-03,Main Campus,Engineering Building,Engineering Building - Floor 1,Lab BLD-A-F1-03,053cf8f8-7366-46a9-b0bb-3f4c8b856fa5,Computer Science Department,Faculty of Engineering,Computer Science Department
a6ec99b6-0c5e-460f-9bcc-b385a07737c1,8e34a5cf-6a71-44a7-9a49-78f0d5bfccd0,BLD-B-F1-R03,Lab BLD-B-F1-03,room,t,4,MAIN/BLD-B/BLD-B-F1/BLD-B-F1-R03,Main Campus > AI and Data Science Building > AI and Data Science Building - Floor 1 > Lab BLD-B-F1-03,Main Campus,AI and Data Science Building,AI and Data Science Building - Floor 1,Lab BLD-B-F1-03,8ef0ecc9-58c0-4c55-91e0-178f17ee7c58,Artificial Intelligence Department,Faculty of AI and Data Management,Artificial Intelligence Department
0a9ffe3b-a3e2-439e-a1a8-f299379438e2,92d85742-d34d-42c1-b9c5-3a039cc1d6f7,BLD-C-F1-R03,Lab BLD-C-F1-03,room,t,4,MAIN/BLD-C/BLD-C-F1/BLD-C-F1-R03,Main Campus > Administration Building > Administration Building - Floor 1 > Lab BLD-C-F1-03,Main Campus,Administration Building,Administration Building - Floor 1,Lab BLD-C-F1-03,d82f0fd6-d71d-41ff-b68c-5f4f7a3f4ea0,Finance and Procurement,Finance and Procurement,
bf145be9-a3ed-43c6-8b63-9ac65a15909b,0c1c0aa3-1842-48cd-90df-9832635602f9,BLD-A-F2-R03,Lab BLD-A-F2-03,room,t,4,MAIN/BLD-A/BLD-A-F2/BLD-A-F2-R03,Main Campus > Engineering Building > Engineering Building - Floor 2 > Lab BLD-A-F2-03,Main Campus,Engineering Building,Engineering Building - Floor 2,Lab BLD-A-F2-03,053cf8f8-7366-46a9-b0bb-3f4c8b856fa5,Computer Science Department,Faculty of Engineering,Computer Science Department
b685a49b-8c4c-437f-9738-80d6a2ab8af5,8edad0d5-b77f-48bc-a287-396629e4a1a0,BLD-B-F2-R03,Lab BLD-B-F2-03,room,t,4,MAIN/BLD-B/BLD-B-F2/BLD-B-F2-R03,Main Campus > AI and Data Science Building > AI and Data Science Building - Floor 2 > Lab BLD-B-F2-03,Main Campus,AI and Data Science Building,AI and Data Science Building - Floor 2,Lab BLD-B-F2-03,8ef0ecc9-58c0-4c55-91e0-178f17ee7c58,Artificial Intelligence Department,Faculty of AI and Data Management,Artificial Intelligence Department
023a8b57-58c8-49be-b50f-d5bf95d912a1,37724b27-3ef2-4bb3-ab2a-60ec4c7b9618,BLD-C-F2-R03,Lab BLD-C-F2-03,room,t,4,MAIN/BLD-C/BLD-C-F2/BLD-C-F2-R03,Main Campus > Administration Building > Administration Building - Floor 2 > Lab BLD-C-F2-03,Main Campus,Administration Building,Administration Building - Floor 2,Lab BLD-C-F2-03,d82f0fd6-d71d-41ff-b68c-5f4f7a3f4ea0,Finance and Procurement,Finance and Procurement,
6be6af1f-cc41-4d06-a82f-74acaf9fff13,c70933ce-e053-4ffe-8e0d-97ab5eaf8dae,BLD-A-F1-R04,Lab BLD-A-F1-04,room,t,4,MAIN/BLD-A/BLD-A-F1/BLD-A-F1-R04,Main Campus > Engineering Building > Engineering Building - Floor 1 > Lab BLD-A-F1-04,Main Campus,Engineering Building,Engineering Building - Floor 1,Lab BLD-A-F1-04,dc26f153-404e-47f8-8034-eb07783f1c9d,Electrical Engineering Department,Faculty of Engineering,Electrical Engineering Department
93723cd6-95df-412a-ae14-7ffbe9982442,8e34a5cf-6a71-44a7-9a49-78f0d5bfccd0,BLD-B-F1-R04,Lab BLD-B-F1-04,room,t,4,MAIN/BLD-B/BLD-B-F1/BLD-B-F1-R04,Main Campus > AI and Data Science Building > AI and Data Science Building - Floor 1 > Lab BLD-B-F1-04,Main Campus,AI and Data Science Building,AI and Data Science Building - Floor 1,Lab BLD-B-F1-04,6f3efb5d-afd8-49c9-8c40-31084252833a,Data Science Department,Faculty of AI and Data Management,Data Science Department
fdf5ec3c-73f4-4613-932b-6e5cd1d028e1,92d85742-d34d-42c1-b9c5-3a039cc1d6f7,BLD-C-F1-R04,Lab BLD-C-F1-04,room,t,4,MAIN/BLD-C/BLD-C-F1/BLD-C-F1-R04,Main Campus > Administration Building > Administration Building - Floor 1 > Lab BLD-C-F1-04,Main Campus,Administration Building,Administration Building - Floor 1,Lab BLD-C-F1-04,ff591628-5c79-4358-9a5b-d60833359337,Facilities Management,Facilities Management,
5a904d7b-02c7-4a5f-8de4-8106644afe6f,0c1c0aa3-1842-48cd-90df-9832635602f9,BLD-A-F2-R04,Lab BLD-A-F2-04,room,t,4,MAIN/BLD-A/BLD-A-F2/BLD-A-F2-R04,Main Campus > Engineering Building > Engineering Building - Floor 2 > Lab BLD-A-F2-04,Main Campus,Engineering Building,Engineering Building - Floor 2,Lab BLD-A-F2-04,dc26f153-404e-47f8-8034-eb07783f1c9d,Electrical Engineering Department,Faculty of Engineering,Electrical Engineering Department
2d3df51d-7064-4e69-9149-61bba0212bb9,8edad0d5-b77f-48bc-a287-396629e4a1a0,BLD-B-F2-R04,Lab BLD-B-F2-04,room,t,4,MAIN/BLD-B/BLD-B-F2/BLD-B-F2-R04,Main Campus > AI and Data Science Building > AI and Data Science Building - Floor 2 > Lab BLD-B-F2-04,Main Campus,AI and Data Science Building,AI and Data Science Building - Floor 2,Lab BLD-B-F2-04,6f3efb5d-afd8-49c9-8c40-31084252833a,Data Science Department,Faculty of AI and Data Management,Data Science Department
931086a7-6352-430d-894b-6363e4ac4388,37724b27-3ef2-4bb3-ab2a-60ec4c7b9618,BLD-C-F2-R04,Lab BLD-C-F2-04,room,t,4,MAIN/BLD-C/BLD-C-F2/BLD-C-F2-R04,Main Campus > Administration Building > Administration Building - Floor 2 > Lab BLD-C-F2-04,Main Campus,Administration Building,Administration Building - Floor 2,Lab BLD-C-F2-04,ff591628-5c79-4358-9a5b-d60833359337,Facilities Management,Facilities Management,
8ce58e75-8b56-44e0-b303-308ab877a282,c70933ce-e053-4ffe-8e0d-97ab5eaf8dae,BLD-A-F1-R05,Lab BLD-A-F1-05,room,t,4,MAIN/BLD-A/BLD-A-F1/BLD-A-F1-R05,Main Campus > Engineering Building > Engineering Building - Floor 1 > Lab BLD-A-F1-05,Main Campus,Engineering Building,Engineering Building - Floor 1,Lab BLD-A-F1-05,053cf8f8-7366-46a9-b0bb-3f4c8b856fa5,Computer Science Department,Faculty of Engineering,Computer Science Department
0ea1b587-0390-4fcf-a4cd-e82e2caef624,8e34a5cf-6a71-44a7-9a49-78f0d5bfccd0,BLD-B-F1-R05,Lab BLD-B-F1-05,room,t,4,MAIN/BLD-B/BLD-B-F1/BLD-B-F1-R05,Main Campus > AI and Data Science Building > AI and Data Science Building - Floor 1 > Lab BLD-B-F1-05,Main Campus,AI and Data Science Building,AI and Data Science Building - Floor 1,Lab BLD-B-F1-05,8ef0ecc9-58c0-4c55-91e0-178f17ee7c58,Artificial Intelligence Department,Faculty of AI and Data Management,Artificial Intelligence Department
ce1019d0-93ab-4aad-a9c1-504e7de174b1,92d85742-d34d-42c1-b9c5-3a039cc1d6f7,BLD-C-F1-R05,Lab BLD-C-F1-05,room,t,4,MAIN/BLD-C/BLD-C-F1/BLD-C-F1-R05,Main Campus > Administration Building > Administration Building - Floor 1 > Lab BLD-C-F1-05,Main Campus,Administration Building,Administration Building - Floor 1,Lab BLD-C-F1-05,d82f0fd6-d71d-41ff-b68c-5f4f7a3f4ea0,Finance and Procurement,Finance and Procurement,
8f91eff9-f399-4920-bb43-f748de8dba53,0c1c0aa3-1842-48cd-90df-9832635602f9,BLD-A-F2-R05,Lab BLD-A-F2-05,room,t,4,MAIN/BLD-A/BLD-A-F2/BLD-A-F2-R05,Main Campus > Engineering Building > Engineering Building - Floor 2 > Lab BLD-A-F2-05,Main Campus,Engineering Building,Engineering Building - Floor 2,Lab BLD-A-F2-05,053cf8f8-7366-46a9-b0bb-3f4c8b856fa5,Computer Science Department,Faculty of Engineering,Computer Science Department
4c2ec75b-86b2-44fa-94e9-0ac0abe593cc,8edad0d5-b77f-48bc-a287-396629e4a1a0,BLD-B-F2-R05,Lab BLD-B-F2-05,room,t,4,MAIN/BLD-B/BLD-B-F2/BLD-B-F2-R05,Main Campus > AI and Data Science Building > AI and Data Science Building - Floor 2 > Lab BLD-B-F2-05,Main Campus,AI and Data Science Building,AI and Data Science Building - Floor 2,Lab BLD-B-F2-05,8ef0ecc9-58c0-4c55-91e0-178f17ee7c58,Artificial Intelligence Department,Faculty of AI and Data Management,Artificial Intelligence Department
9c9b191e-d225-40f7-8f83-7360ac682d26,37724b27-3ef2-4bb3-ab2a-60ec4c7b9618,BLD-C-F2-R05,Lab BLD-C-F2-05,room,t,4,MAIN/BLD-C/BLD-C-F2/BLD-C-F2-R05,Main Campus > Administration Building > Administration Building - Floor 2 > Lab BLD-C-F2-05,Main Campus,Administration Building,Administration Building - Floor 2,Lab BLD-C-F2-05,d82f0fd6-d71d-41ff-b68c-5f4f7a3f4ea0,Finance and Procurement,Finance and Procurement,
1234f84e-b9c0-4ae7-a4a5-d80ccaff9edd,c70933ce-e053-4ffe-8e0d-97ab5eaf8dae,BLD-A-F1-R06,Lab BLD-A-F1-06,room,t,4,MAIN/BLD-A/BLD-A-F1/BLD-A-F1-R06,Main Campus > Engineering Building > Engineering Building - Floor 1 > Lab BLD-A-F1-06,Main Campus,Engineering Building,Engineering Building - Floor 1,Lab BLD-A-F1-06,dc26f153-404e-47f8-8034-eb07783f1c9d,Electrical Engineering Department,Faculty of Engineering,Electrical Engineering Department
73fdb59c-ac31-400e-bf53-3b4e19b20c10,8e34a5cf-6a71-44a7-9a49-78f0d5bfccd0,BLD-B-F1-R06,Lab BLD-B-F1-06,room,t,4,MAIN/BLD-B/BLD-B-F1/BLD-B-F1-R06,Main Campus > AI and Data Science Building > AI and Data Science Building - Floor 1 > Lab BLD-B-F1-06,Main Campus,AI and Data Science Building,AI and Data Science Building - Floor 1,Lab BLD-B-F1-06,6f3efb5d-afd8-49c9-8c40-31084252833a,Data Science Department,Faculty of AI and Data Management,Data Science Department
7d91cdbd-8e9f-4416-aff0-b59104bd3dee,92d85742-d34d-42c1-b9c5-3a039cc1d6f7,BLD-C-F1-R06,Lab BLD-C-F1-06,room,t,4,MAIN/BLD-C/BLD-C-F1/BLD-C-F1-R06,Main Campus > Administration Building > Administration Building - Floor 1 > Lab BLD-C-F1-06,Main Campus,Administration Building,Administration Building - Floor 1,Lab BLD-C-F1-06,ff591628-5c79-4358-9a5b-d60833359337,Facilities Management,Facilities Management,
5b86b773-2072-4cf6-ac59-aa6ed5c9e277,0c1c0aa3-1842-48cd-90df-9832635602f9,BLD-A-F2-R06,Lab BLD-A-F2-06,room,t,4,MAIN/BLD-A/BLD-A-F2/BLD-A-F2-R06,Main Campus > Engineering Building > Engineering Building - Floor 2 > Lab BLD-A-F2-06,Main Campus,Engineering Building,Engineering Building - Floor 2,Lab BLD-A-F2-06,dc26f153-404e-47f8-8034-eb07783f1c9d,Electrical Engineering Department,Faculty of Engineering,Electrical Engineering Department
d640dd11-70ae-4fdc-af12-97b61c1003e1,8edad0d5-b77f-48bc-a287-396629e4a1a0,BLD-B-F2-R06,Lab BLD-B-F2-06,room,t,4,MAIN/BLD-B/BLD-B-F2/BLD-B-F2-R06,Main Campus > AI and Data Science Building > AI and Data Science Building - Floor 2 > Lab BLD-B-F2-06,Main Campus,AI and Data Science Building,AI and Data Science Building - Floor 2,Lab BLD-B-F2-06,6f3efb5d-afd8-49c9-8c40-31084252833a,Data Science Department,Faculty of AI and Data Management,Data Science Department
b9ee01aa-284d-41fc-92e0-1e2c29704a3b,37724b27-3ef2-4bb3-ab2a-60ec4c7b9618,BLD-C-F2-R06,Lab BLD-C-F2-06,room,t,4,MAIN/BLD-C/BLD-C-F2/BLD-C-F2-R06,Main Campus > Administration Building > Administration Building - Floor 2 > Lab BLD-C-F2-06,Main Campus,Administration Building,Administration Building - Floor 2,Lab BLD-C-F2-06,ff591628-5c79-4358-9a5b-d60833359337,Facilities Management,Facilities Management,
01ff8df6-208a-40fd-bc27-a79a4733d467,c70933ce-e053-4ffe-8e0d-97ab5eaf8dae,BLD-A-F1-R07,Office BLD-A-F1-07,office,t,4,MAIN/BLD-A/BLD-A-F1/BLD-A-F1-R07,Main Campus > Engineering Building > Engineering Building - Floor 1 > Office BLD-A-F1-07,Main Campus,Engineering Building,Engineering Building - Floor 1,Office BLD-A-F1-07,053cf8f8-7366-46a9-b0bb-3f4c8b856fa5,Computer Science Department,Faculty of Engineering,Computer Science Department
4f677013-b830-462d-a160-59ec1cdb41ec,8e34a5cf-6a71-44a7-9a49-78f0d5bfccd0,BLD-B-F1-R07,Office BLD-B-F1-07,office,t,4,MAIN/BLD-B/BLD-B-F1/BLD-B-F1-R07,Main Campus > AI and Data Science Building > AI and Data Science Building - Floor 1 > Office BLD-B-F1-07,Main Campus,AI and Data Science Building,AI and Data Science Building - Floor 1,Office BLD-B-F1-07,8ef0ecc9-58c0-4c55-91e0-178f17ee7c58,Artificial Intelligence Department,Faculty of AI and Data Management,Artificial Intelligence Department
32c3a1d1-37ba-4b9c-9c41-80de762168b5,92d85742-d34d-42c1-b9c5-3a039cc1d6f7,BLD-C-F1-R07,Office BLD-C-F1-07,office,t,4,MAIN/BLD-C/BLD-C-F1/BLD-C-F1-R07,Main Campus > Administration Building > Administration Building - Floor 1 > Office BLD-C-F1-07,Main Campus,Administration Building,Administration Building - Floor 1,Office BLD-C-F1-07,d82f0fd6-d71d-41ff-b68c-5f4f7a3f4ea0,Finance and Procurement,Finance and Procurement,
ed0c4695-23ba-41bb-bb52-4fc110fc0fde,0c1c0aa3-1842-48cd-90df-9832635602f9,BLD-A-F2-R07,Office BLD-A-F2-07,office,t,4,MAIN/BLD-A/BLD-A-F2/BLD-A-F2-R07,Main Campus > Engineering Building > Engineering Building - Floor 2 > Office BLD-A-F2-07,Main Campus,Engineering Building,Engineering Building - Floor 2,Office BLD-A-F2-07,053cf8f8-7366-46a9-b0bb-3f4c8b856fa5,Computer Science Department,Faculty of Engineering,Computer Science Department
0807df48-ba0b-4ac3-ba93-906a9ddd9acb,8edad0d5-b77f-48bc-a287-396629e4a1a0,BLD-B-F2-R07,Office BLD-B-F2-07,office,t,4,MAIN/BLD-B/BLD-B-F2/BLD-B-F2-R07,Main Campus > AI and Data Science Building > AI and Data Science Building - Floor 2 > Office BLD-B-F2-07,Main Campus,AI and Data Science Building,AI and Data Science Building - Floor 2,Office BLD-B-F2-07,8ef0ecc9-58c0-4c55-91e0-178f17ee7c58,Artificial Intelligence Department,Faculty of AI and Data Management,Artificial Intelligence Department
aee1dad1-5904-4a33-8893-b1744b8c9818,37724b27-3ef2-4bb3-ab2a-60ec4c7b9618,BLD-C-F2-R07,Office BLD-C-F2-07,office,t,4,MAIN/BLD-C/BLD-C-F2/BLD-C-F2-R07,Main Campus > Administration Building > Administration Building - Floor 2 > Office BLD-C-F2-07,Main Campus,Administration Building,Administration Building - Floor 2,Office BLD-C-F2-07,d82f0fd6-d71d-41ff-b68c-5f4f7a3f4ea0,Finance and Procurement,Finance and Procurement,
ad7545d1-5dd0-4c6a-9a2b-f8865e75563f,c70933ce-e053-4ffe-8e0d-97ab5eaf8dae,BLD-A-F1-R08,Office BLD-A-F1-08,office,t,4,MAIN/BLD-A/BLD-A-F1/BLD-A-F1-R08,Main Campus > Engineering Building > Engineering Building - Floor 1 > Office BLD-A-F1-08,Main Campus,Engineering Building,Engineering Building - Floor 1,Office BLD-A-F1-08,dc26f153-404e-47f8-8034-eb07783f1c9d,Electrical Engineering Department,Faculty of Engineering,Electrical Engineering Department
faabc42b-93b2-4e8b-9e4d-2abd46f82d9c,8e34a5cf-6a71-44a7-9a49-78f0d5bfccd0,BLD-B-F1-R08,Office BLD-B-F1-08,office,t,4,MAIN/BLD-B/BLD-B-F1/BLD-B-F1-R08,Main Campus > AI and Data Science Building > AI and Data Science Building - Floor 1 > Office BLD-B-F1-08,Main Campus,AI and Data Science Building,AI and Data Science Building - Floor 1,Office BLD-B-F1-08,6f3efb5d-afd8-49c9-8c40-31084252833a,Data Science Department,Faculty of AI and Data Management,Data Science Department
ba4b9298-99d3-4aa9-8d04-f4d0d933550d,92d85742-d34d-42c1-b9c5-3a039cc1d6f7,BLD-C-F1-R08,Office BLD-C-F1-08,office,t,4,MAIN/BLD-C/BLD-C-F1/BLD-C-F1-R08,Main Campus > Administration Building > Administration Building - Floor 1 > Office BLD-C-F1-08,Main Campus,Administration Building,Administration Building - Floor 1,Office BLD-C-F1-08,ff591628-5c79-4358-9a5b-d60833359337,Facilities Management,Facilities Management,
3288eed1-6ae3-45da-acb7-12c603a5bfed,0c1c0aa3-1842-48cd-90df-9832635602f9,BLD-A-F2-R08,Office BLD-A-F2-08,office,t,4,MAIN/BLD-A/BLD-A-F2/BLD-A-F2-R08,Main Campus > Engineering Building > Engineering Building - Floor 2 > Office BLD-A-F2-08,Main Campus,Engineering Building,Engineering Building - Floor 2,Office BLD-A-F2-08,dc26f153-404e-47f8-8034-eb07783f1c9d,Electrical Engineering Department,Faculty of Engineering,Electrical Engineering Department
e514cc00-3301-4d64-af38-4cd4294f1363,8edad0d5-b77f-48bc-a287-396629e4a1a0,BLD-B-F2-R08,Office BLD-B-F2-08,office,t,4,MAIN/BLD-B/BLD-B-F2/BLD-B-F2-R08,Main Campus > AI and Data Science Building > AI and Data Science Building - Floor 2 > Office BLD-B-F2-08,Main Campus,AI and Data Science Building,AI and Data Science Building - Floor 2,Office BLD-B-F2-08,6f3efb5d-afd8-49c9-8c40-31084252833a,Data Science Department,Faculty of AI and Data Management,Data Science Department
02bca8b1-2624-4782-8cf9-81f6abe4f201,37724b27-3ef2-4bb3-ab2a-60ec4c7b9618,BLD-C-F2-R08,Office BLD-C-F2-08,office,t,4,MAIN/BLD-C/BLD-C-F2/BLD-C-F2-R08,Main Campus > Administration Building > Administration Building - Floor 2 > Office BLD-C-F2-08,Main Campus,Administration Building,Administration Building - Floor 2,Office BLD-C-F2-08,ff591628-5c79-4358-9a5b-d60833359337,Facilities Management,Facilities Management,
226f67de-eecb-4041-b2fd-00c436b1b82f,c70933ce-e053-4ffe-8e0d-97ab5eaf8dae,BLD-A-F1-R09,Office BLD-A-F1-09,office,t,4,MAIN/BLD-A/BLD-A-F1/BLD-A-F1-R09,Main Campus > Engineering Building > Engineering Building - Floor 1 > Office BLD-A-F1-09,Main Campus,Engineering Building,Engineering Building - Floor 1,Office BLD-A-F1-09,053cf8f8-7366-46a9-b0bb-3f4c8b856fa5,Computer Science Department,Faculty of Engineering,Computer Science Department
42a0fa0c-5355-4ca9-b2c2-a1b6993ee48b,8e34a5cf-6a71-44a7-9a49-78f0d5bfccd0,BLD-B-F1-R09,Office BLD-B-F1-09,office,t,4,MAIN/BLD-B/BLD-B-F1/BLD-B-F1-R09,Main Campus > AI and Data Science Building > AI and Data Science Building - Floor 1 > Office BLD-B-F1-09,Main Campus,AI and Data Science Building,AI and Data Science Building - Floor 1,Office BLD-B-F1-09,8ef0ecc9-58c0-4c55-91e0-178f17ee7c58,Artificial Intelligence Department,Faculty of AI and Data Management,Artificial Intelligence Department
b430dfa5-4f26-4ce2-bba1-b6ed3b2eefd4,0c1c0aa3-1842-48cd-90df-9832635602f9,BLD-A-F2-R09,Office BLD-A-F2-09,office,t,4,MAIN/BLD-A/BLD-A-F2/BLD-A-F2-R09,Main Campus > Engineering Building > Engineering Building - Floor 2 > Office BLD-A-F2-09,Main Campus,Engineering Building,Engineering Building - Floor 2,Office BLD-A-F2-09,053cf8f8-7366-46a9-b0bb-3f4c8b856fa5,Computer Science Department,Faculty of Engineering,Computer Science Department
85499f3b-df0c-46e7-b412-0e86014d2d23,8edad0d5-b77f-48bc-a287-396629e4a1a0,BLD-B-F2-R09,Office BLD-B-F2-09,office,t,4,MAIN/BLD-B/BLD-B-F2/BLD-B-F2-R09,Main Campus > AI and Data Science Building > AI and Data Science Building - Floor 2 > Office BLD-B-F2-09,Main Campus,AI and Data Science Building,AI and Data Science Building - Floor 2,Office BLD-B-F2-09,8ef0ecc9-58c0-4c55-91e0-178f17ee7c58,Artificial Intelligence Department,Faculty of AI and Data Management,Artificial Intelligence Department
87c202bd-5d44-4042-accc-214381d58ab5,c70933ce-e053-4ffe-8e0d-97ab5eaf8dae,BLD-A-F1-R10,Office BLD-A-F1-10,office,t,4,MAIN/BLD-A/BLD-A-F1/BLD-A-F1-R10,Main Campus > Engineering Building > Engineering Building - Floor 1 > Office BLD-A-F1-10,Main Campus,Engineering Building,Engineering Building - Floor 1,Office BLD-A-F1-10,dc26f153-404e-47f8-8034-eb07783f1c9d,Electrical Engineering Department,Faculty of Engineering,Electrical Engineering Department
fd093c49-0da4-4fb9-b4ca-3354e21aeeed,8e34a5cf-6a71-44a7-9a49-78f0d5bfccd0,BLD-B-F1-R10,Office BLD-B-F1-10,office,t,4,MAIN/BLD-B/BLD-B-F1/BLD-B-F1-R10,Main Campus > AI and Data Science Building > AI and Data Science Building - Floor 1 > Office BLD-B-F1-10,Main Campus,AI and Data Science Building,AI and Data Science Building - Floor 1,Office BLD-B-F1-10,6f3efb5d-afd8-49c9-8c40-31084252833a,Data Science Department,Faculty of AI and Data Management,Data Science Department
75741c19-7bc5-4f13-8bcd-5543dbab11a6,0c1c0aa3-1842-48cd-90df-9832635602f9,BLD-A-F2-R10,Office BLD-A-F2-10,office,t,4,MAIN/BLD-A/BLD-A-F2/BLD-A-F2-R10,Main Campus > Engineering Building > Engineering Building - Floor 2 > Office BLD-A-F2-10,Main Campus,Engineering Building,Engineering Building - Floor 2,Office BLD-A-F2-10,dc26f153-404e-47f8-8034-eb07783f1c9d,Electrical Engineering Department,Faculty of Engineering,Electrical Engineering Department
a794d2a5-d422-4ca5-97b2-a4c30210ff52,8edad0d5-b77f-48bc-a287-396629e4a1a0,BLD-B-F2-R10,Office BLD-B-F2-10,office,t,4,MAIN/BLD-B/BLD-B-F2/BLD-B-F2-R10,Main Campus > AI and Data Science Building > AI and Data Science Building - Floor 2 > Office BLD-B-F2-10,Main Campus,AI and Data Science Building,AI and Data Science Building - Floor 2,Office BLD-B-F2-10,6f3efb5d-afd8-49c9-8c40-31084252833a,Data Science Department,Faculty of AI and Data Management,Data Science Department
